Sealiner N.V.,null,null,"https://www.sealiner.eu/contact/, https://www.sealiner.eu/"
Socar Shipping Company,null,null,"https://socar.be/, https://socar.be/contact/"
Sawari International Corporation,null,null,"https://www.cargoyellowpages.com/en/belgium/zaventem/freight-forwarders-sawari-international-corporation-nv-1304.html, https://www.tradekey.com/company/Sawari-International-Corporation-NV-4522648.html"
Sauter Transport N.V.,null,null,https://www.sauter-controls.com/en/worlwilde/belgien/
Sealiner N.V.,null,null,"https://www.sealiner.eu/contact/, https://www.sealiner.eu/"
Socar Shipping Company,null,null,"https://socar.be/, https://socar.be/contact/"
Sauter Transport N.V,null,null,"https://www.sauter-controls.com/en/worlwilde/belgien/, https://www.axibel.com/en/sauter-transport-nv-5059-1"
Sawari International Corporation,null,null,"https://www.cargoyellowpages.com/en/belgium/zaventem/freight-forwarders-sawari-international-corporation-nv-1304.html, https://www.tradekey.com/company/Sawari-International-Corporation-NV-4522648.html"
Sealiner N.V.,null,null,"https://www.sealiner.eu/contact/, https://www.sealiner.eu/"
Socar Shipping Company,null,null,"https://socar.be/, https://socar.be/contact/"
Sauter Transport N.V,null,null,"https://www.sauter-controls.com/en/worlwilde/belgien/, https://www.axibel.com/en/sauter-transport-nv-5059-1"
Sawari International Corporation,null,null,"https://www.cargoyellowpages.com/en/belgium/zaventem/freight-forwarders-sawari-international-corporation-nv-1304.html, https://www.tradekey.com/company/Sawari-International-Corporation-NV-4522648.html"
Sauter Transport N.V.,null,null,"https://www.sauter-controls.com/en/worlwilde/belgien/, https://www.axibel.com/en/sauter-transport-nv-5059-1"
Sealiner N.V.,null,null,"https://www.sealiner.eu/contact/, https://www.sealiner.eu/"
Sawari International Corporation,null,null,"https://www.cargoyellowpages.com/en/belgium/zaventem/freight-forwarders-sawari-international-corporation-nv-1304.html, https://www.tradekey.com/company/Sawari-International-Corporation-NV-4522648.html"
Socar Shipping Company,null,null,"https://socar.be/, https://socar.be/contact/"